num_1;omschrijving_1;pdf_1;num_2;omschrijving_2;pdf_2
0;;stans.pdf;0;;stans.pdf
0;;stans.pdf;0;;stans.pdf
0;Rol 01 0001 t/m 0010;stans.pdf;0;Rol 02 0011 t/m 0020;stans.pdf
0;;stans.pdf;0;;stans.pdf
0;;stans.pdf;0;;stans.pdf
0;;stans.pdf;0;;stans.pdf
0;;stans.pdf;0;;stans.pdf
0;;stans.pdf;0;;stans.pdf
0001;;leeg.pdf;0011;;leeg.pdf
0001;;leeg.pdf;0011;;leeg.pdf
0002;;leeg.pdf;0012;;leeg.pdf
0002;;leeg.pdf;0012;;leeg.pdf
0003;;leeg.pdf;0013;;leeg.pdf
0003;;leeg.pdf;0013;;leeg.pdf
0004;;leeg.pdf;0014;;leeg.pdf
0004;;leeg.pdf;0014;;leeg.pdf
0005;;leeg.pdf;0015;;leeg.pdf
0005;;leeg.pdf;0015;;leeg.pdf
0006;;leeg.pdf;0016;;leeg.pdf
0006;;leeg.pdf;0016;;leeg.pdf
0007;;leeg.pdf;0017;;leeg.pdf
0007;;leeg.pdf;0017;;leeg.pdf
0008;;leeg.pdf;0018;;leeg.pdf
0008;;leeg.pdf;0018;;leeg.pdf
0009;;leeg.pdf;0019;;leeg.pdf
0009;;leeg.pdf;0019;;leeg.pdf
0010;;leeg.pdf;0020;;leeg.pdf
0010;;leeg.pdf;0020;;leeg.pdf
